FID,globalid,Building name,Building code,Entrance name,Is the entrance width greater than 32 in?,Is the door automatic?,How is the ground in front of the entrance?,Additional Notes,Creation date,Creator,Last edited,Editor,Is there braille signage at the entrance?,Braille notes,Picture,GlobalID_2,Creation_1,Creator_1,EditDate_1,Editor_1,GlobalID_3,CreationDate,Creator,EditDate,Editor,Photo,x,y
1,{39969B14-A285-41DE-9DD7-02724635B731},Annenberg Center for the Performing arts,10,37th street entrance,yes,no,stairs,"Entrance is only reachable by a flight if stairs, not accessible to wheelchairs",3/28/2018 12:00:00 AM, ,5/21/2018 12:00:00 AM, ,no, ,https://services3.arcgis.com/9nfxWATFamVUTTGb/arcgis/rest/services/service_dd44d29f58714804868f07211f8f6050/FeatureServer/0/36/attachments/37?token=,74ba7b48-2110-46bc-834e-57bb74e3adff,7/5/2018 12:00:00 AM,madhurap_UPenn,7/5/2018 12:00:00 AM,madhurap_UPenn,7032848b-0f70-4891-b26a-9b3b756fcaa6,11/7/2018 12:58:58 PM,upennamp_UPenn,11/7/2018 12:58:58 PM,upennamp_UPenn,,-75.196699413,39.9530679850001
2,{759B1A32-3627-4ED6-85B7-08BF6D2DB80E},Silverman Hall,305,Main,yes,no,stairs,Sign directs access entry to 3501 Sansom,4/20/2018 12:00:00 AM, ,5/21/2018 12:00:00 AM, ,no, ,https://services3.arcgis.com/9nfxWATFamVUTTGb/arcgis/rest/services/service_dd44d29f58714804868f07211f8f6050/FeatureServer/0/43/attachments/43?token=,4ce7e0e5-dc22-47ba-a0fc-3667fdfeb3b7,7/5/2018 12:00:00 AM,madhurap_UPenn,7/5/2018 12:00:00 AM,madhurap_UPenn,8739bdef-2a8e-4f83-8b57-655132ff5396,11/7/2018 12:58:58 PM,upennamp_UPenn,11/7/2018 12:58:58 PM,upennamp_UPenn,,-75.1920351429999,39.953922882
3,{D0F058BB-458A-4FD6-87D5-09711B1953D4},Graduate Student Center,9855,East- Side entrance,yes,yes,ramp, ,3/28/2018 12:00:00 AM, ,5/21/2018 12:00:00 AM, ,no, ,https://services3.arcgis.com/9nfxWATFamVUTTGb/arcgis/rest/services/service_dd44d29f58714804868f07211f8f6050/FeatureServer/0/26/attachments/28?token=,d7bba709-30db-4365-b95e-53d2abc1db1c,7/5/2018 12:00:00 AM,madhurap_UPenn,7/5/2018 12:00:00 AM,madhurap_UPenn,495d6092-be2f-4234-9c00-cc2789c93dc6,11/7/2018 12:58:58 PM,upennamp_UPenn,11/7/2018 12:58:58 PM,upennamp_UPenn,,-75.19559992,39.9522480410001
4,{C94E1B2F-31D6-4272-A6A6-0B946B8654FC},Lerner Center,Campus 365,Main and Accessible Entrance (north side),yes,no,both,Either use 7 stairs or ramp,3/28/2018 12:00:00 AM, ,5/21/2018 12:00:00 AM, ,no, ,https://services3.arcgis.com/9nfxWATFamVUTTGb/arcgis/rest/services/service_dd44d29f58714804868f07211f8f6050/FeatureServer/0/15/attachments/19?token=,8a6583e2-0157-4113-a562-dc21d35d5bf6,7/5/2018 12:00:00 AM,madhurap_UPenn,7/5/2018 12:00:00 AM,madhurap_UPenn,b8e669cb-e2b3-4a87-a719-84173d79d659,11/7/2018 12:58:58 PM,upennamp_UPenn,11/7/2018 12:58:58 PM,upennamp_UPenn,,-75.19192,39.9520865000001
5,{EE59ADA9-9B01-41E2-BBFF-11EF44EE182A},Fisher Fine Arts Library,Campus 170,During Wing Accessible Entrance (south side),yes,yes,level,Automatic door opens towards you. Approximately 4 feet wide.,3/28/2018 12:00:00 AM, ,5/29/2018 12:00:00 AM, ,no, ,https://services3.arcgis.com/9nfxWATFamVUTTGb/arcgis/rest/services/service_dd44d29f58714804868f07211f8f6050/FeatureServer/0/11/attachments/13?token=,e8bc77b7-7db1-4dc4-82a0-c0782675d5aa,7/5/2018 12:00:00 AM,madhurap_UPenn,7/19/2018 12:00:00 AM,madhurap_UPenn,d19f03ff-bf46-492e-be54-60d7be00cd20,11/7/2018 12:58:58 PM,upennamp_UPenn,11/7/2018 12:58:58 PM,upennamp_UPenn,,-75.192819189,39.951287952
6,{FA1B3824-B7D8-44A3-BDC7-252637966758},Stiteler Hall,Campus 550,North,yes,no,stairs,Between two sets of stairs,3/28/2018 12:00:00 AM, ,5/21/2018 12:00:00 AM, ,no, ,https://services3.arcgis.com/9nfxWATFamVUTTGb/arcgis/rest/services/service_dd44d29f58714804868f07211f8f6050/FeatureServer/0/13/attachments/16?token=,69a2a2cb-14ca-46f8-b4ca-e2525ad9bf5b,7/5/2018 12:00:00 AM,madhurap_UPenn,7/5/2018 12:00:00 AM,madhurap_UPenn,05f336ef-c103-483b-b8d7-18b7faab2f34,11/7/2018 12:58:58 PM,upennamp_UPenn,11/7/2018 12:58:58 PM,upennamp_UPenn,,-75.1970376519999,39.952997489
7,{4F6F33F5-2BAC-4E7E-9FBE-276120B3A9A6},Graduate education building,Campus 130,South,yes,no,stairs, ,3/28/2018 12:00:00 AM, ,5/30/2018 12:00:00 AM, ,no, ,https://services3.arcgis.com/9nfxWATFamVUTTGb/arcgis/rest/services/service_dd44d29f58714804868f07211f8f6050/FeatureServer/0/18/attachments/21?token=,033a5743-4cd2-4226-816f-dd568aafdfa0,7/5/2018 12:00:00 AM,madhurap_UPenn,7/5/2018 12:00:00 AM,madhurap_UPenn,e5784748-fd01-43dd-9a62-a5ed65702fcd,11/7/2018 12:58:58 PM,upennamp_UPenn,11/7/2018 12:58:58 PM,upennamp_UPenn,,-75.197265855,39.9531332560001
8,{282A8746-4878-48DE-B7C1-2798746B730E},Jon M Huntsman Hall, ,Locust Walk Entrance,yes,yes,level, ,3/28/2018 12:00:00 AM, ,5/21/2018 12:00:00 AM, , ,N/A,https://services3.arcgis.com/9nfxWATFamVUTTGb/arcgis/rest/services/service_dd44d29f58714804868f07211f8f6050/FeatureServer/0/9/attachments/11?token=,53ceaad9-b28a-4e35-92ab-43f77d7153de,7/5/2018 12:00:00 AM,madhurap_UPenn,7/5/2018 12:00:00 AM,madhurap_UPenn,64fac98a-0f07-44e0-8a10-51c2baa30a97,11/7/2018 12:58:58 PM,upennamp_UPenn,11/7/2018 12:58:58 PM,upennamp_UPenn,,-75.198311276,39.952513276
9,{109721D9-3D72-41CC-86EE-2DB550FFFC5D},Tanenbaum Hall,286,Main interior entrance,yes,no,ramp, ,4/20/2018 12:00:00 AM, ,5/21/2018 12:00:00 AM, ,no, ,https://services3.arcgis.com/9nfxWATFamVUTTGb/arcgis/rest/services/service_dd44d29f58714804868f07211f8f6050/FeatureServer/0/45/attachments/44?token=,8780535c-cb3d-4cdf-a896-3dab43a6e511,7/5/2018 12:00:00 AM,madhurap_UPenn,7/5/2018 12:00:00 AM,madhurap_UPenn,7a641501-bc81-4496-9420-d289fcf96d62,11/7/2018 12:58:58 PM,upennamp_UPenn,11/7/2018 12:58:58 PM,upennamp_UPenn,,-75.193448577,39.9540848080001
10,{B5FC73AA-227C-4B42-ABE9-3793B12D14B2},Penn Museum, ,Kamin Entrance, ,no,both, ,3/26/2018 12:00:00 AM, ,5/21/2018 12:00:00 AM, , , ,https://services3.arcgis.com/9nfxWATFamVUTTGb/arcgis/rest/services/service_dd44d29f58714804868f07211f8f6050/FeatureServer/0/7/attachments/9?token=,7abc57a0-8c11-4348-9b48-1d79764fcda3,7/5/2018 12:00:00 AM,madhurap_UPenn,7/5/2018 12:00:00 AM,madhurap_UPenn,96587baa-9756-43a0-b2fa-cc7d74a08ac7,11/7/2018 12:58:58 PM,upennamp_UPenn,11/7/2018 12:58:58 PM,upennamp_UPenn,,-75.19146426,39.9500156570001
11,{A8DAC4B4-797B-4839-8074-39648E8B7B92},Richards Laboratory,500,Main Entrance to Hamilton Walk,yes,yes,stairs,"Main entrance: Automatic door, but was not able to find a ramp (only stairs leading to main entrance). Lots of construction around the entrance blocks off other stairs and possible entrances",3/14/2018 12:00:00 AM, ,5/21/2018 12:00:00 AM, , , ,https://services3.arcgis.com/9nfxWATFamVUTTGb/arcgis/rest/services/service_dd44d29f58714804868f07211f8f6050/FeatureServer/0/5/attachments/4?token=,89219086-476e-41f6-b1a1-086abfcc2781,7/5/2018 12:00:00 AM,madhurap_UPenn,7/5/2018 12:00:00 AM,madhurap_UPenn,f38376cd-9c6b-4406-a110-8755f975d6a7,11/7/2018 12:58:58 PM,upennamp_UPenn,11/7/2018 12:58:58 PM,upennamp_UPenn,,-75.197643536,39.949886264
12,{D8D491F0-5E22-4D66-A48D-3DE9401232CE},The Arch,Campus-75,Main,yes,no,ramp, ,3/28/2018 12:00:00 AM, ,5/29/2018 12:00:00 AM, ,no, ,https://services3.arcgis.com/9nfxWATFamVUTTGb/arcgis/rest/services/service_dd44d29f58714804868f07211f8f6050/FeatureServer/0/29/attachments/31?token=,9e277c87-da36-4437-8365-9f1dca81467b,7/5/2018 12:00:00 AM,madhurap_UPenn,7/5/2018 12:00:00 AM,madhurap_UPenn,f877343c-a3fe-4f49-9d18-650adfc72eb5,11/7/2018 12:58:58 PM,upennamp_UPenn,11/7/2018 12:58:58 PM,upennamp_UPenn,,-75.1953471309999,39.952135049
13,{620EE295-8E4E-4F82-BEE9-40C3024F9260},College Hall, ,Woodland walk entrance (Main Entrance),yes,no,stairs,Up a large flight of stairs. Completely inaccessible.,5/2/2018 12:00:00 AM, ,5/21/2018 12:00:00 AM, ,no, ,https://services3.arcgis.com/9nfxWATFamVUTTGb/arcgis/rest/services/service_dd44d29f58714804868f07211f8f6050/FeatureServer/0/52/attachments/48?token=,61115c62-ecee-43a8-8de2-6d000e304804,7/5/2018 12:00:00 AM,madhurap_UPenn,7/5/2018 12:00:00 AM,madhurap_UPenn,8d5b5937-112f-48c8-99b9-1751541a874e,11/7/2018 12:58:58 PM,upennamp_UPenn,11/7/2018 12:58:58 PM,upennamp_UPenn,,-75.1937180589999,39.951630918
14,{9EEE39DA-CD0C-4626-AA74-453A1074650C},Golkin Hall,288,Main entrance, , , , ,4/20/2018 12:00:00 AM, ,4/20/2018 12:00:00 AM, , , , ,7f87b922-4c0a-47fb-a149-3b0951ba59a1,7/5/2018 12:00:00 AM,madhurap_UPenn,7/5/2018 12:00:00 AM,madhurap_UPenn,c2e4dc26-1c08-4d97-a3b1-e830482e229b,11/7/2018 12:58:58 PM,upennamp_UPenn,11/7/2018 12:58:58 PM,upennamp_UPenn,,-75.192854803,39.9538709760001
15,{193C0223-BD45-45E5-92B5-458C42AB41B2},Claudia Cohen Hall, ,West entrance (main),yes,no,stairs,11 steep concrete steps lead to door,3/9/2018 12:00:00 AM,amcgr_UPenn,5/21/2018 12:00:00 AM, , , ,https://services3.arcgis.com/9nfxWATFamVUTTGb/arcgis/rest/services/service_dd44d29f58714804868f07211f8f6050/FeatureServer/0/3/attachments/3?token=,e6167012-0022-4e85-a614-355a08a56555,7/5/2018 12:00:00 AM,madhurap_UPenn,7/5/2018 12:00:00 AM,madhurap_UPenn,08256f7b-0af3-4571-8c9d-ac0609ceb8bf,11/7/2018 12:58:58 PM,upennamp_UPenn,11/7/2018 12:58:58 PM,upennamp_UPenn,,-75.194963421,39.9513798360001
16,{FBBE7829-027B-42B9-B638-5AA9E44509C0},Stiteler Hall,Campus 550,South west,yes,yes,level,Must access area by taking Wharton ramp,3/28/2018 12:00:00 AM, ,5/29/2018 12:00:00 AM, ,no, ,https://services3.arcgis.com/9nfxWATFamVUTTGb/arcgis/rest/services/service_dd44d29f58714804868f07211f8f6050/FeatureServer/0/12/attachments/15?token=,a4731cdf-ea83-48ed-b56f-269901ed9395,7/5/2018 12:00:00 AM,madhurap_UPenn,7/5/2018 12:00:00 AM,madhurap_UPenn,743c9fa3-2419-4236-9d6d-70c546403a7c,11/7/2018 12:58:58 PM,upennamp_UPenn,11/7/2018 12:58:58 PM,upennamp_UPenn,,-75.1973218539999,39.952717287
17,{CC909D2A-3151-4118-B252-63C115CD9F51},Larry Robbins House Locust Walk,Campus-390,Main locust walk,yes,no,level, ,3/28/2018 12:00:00 AM, ,5/21/2018 12:00:00 AM, ,no, ,https://services3.arcgis.com/9nfxWATFamVUTTGb/arcgis/rest/services/service_dd44d29f58714804868f07211f8f6050/FeatureServer/0/33/attachments/34?token=,7e180a76-6547-4a80-87a1-71ed8c94b10e,7/5/2018 12:00:00 AM,madhurap_UPenn,7/5/2018 12:00:00 AM,madhurap_UPenn,a51b9310-a732-4951-a22d-fdb651fedd99,11/7/2018 12:58:58 PM,upennamp_UPenn,11/7/2018 12:58:58 PM,upennamp_UPenn,,-75.194833051,39.952058848
18,{8EF404D4-7599-4479-86B4-6A4A8B4CCEF3},Jerry Lee Center For Criminology, ,Accessible Wntrance,yes,no,stairs,Key operated elevator and intercom,3/28/2018 12:00:00 AM, ,5/21/2018 12:00:00 AM, ,no, ,https://services3.arcgis.com/9nfxWATFamVUTTGb/arcgis/rest/services/service_dd44d29f58714804868f07211f8f6050/FeatureServer/0/25/attachments/27?token=,3ef7bf5c-87f9-40a4-a7a2-0fbcb9e8b122,7/5/2018 12:00:00 AM,madhurap_UPenn,7/5/2018 12:00:00 AM,madhurap_UPenn,d0917967-97b2-40d7-a160-d4fee5cd3a2c,11/7/2018 12:58:58 PM,upennamp_UPenn,11/7/2018 12:58:58 PM,upennamp_UPenn,,-75.1992572779999,39.9537243990001
19,{E5804B0B-3B50-4427-BA5A-6C0E55D5AAA1},Golkin Hall,288,Main,yes,yes,both, ,4/20/2018 12:00:00 AM, ,4/20/2018 12:00:00 AM, ,no, , ,0799fb92-d807-4a0f-8d34-1acdbe526c5f,7/5/2018 12:00:00 AM,madhurap_UPenn,7/5/2018 12:00:00 AM,madhurap_UPenn,6b8817d2-12c2-4924-92b5-f65f55e2ddfa,11/7/2018 12:58:58 PM,upennamp_UPenn,11/7/2018 12:58:58 PM,upennamp_UPenn,,-75.193068709,39.953817518
20,{94A3428B-C6CD-4BA4-BC3F-7BB1B9432182},College Hall, ,Side entrance,yes,no,both,"Ramp leads to door, but once inside it is not wheelchair accessible",5/2/2018 12:00:00 AM, ,5/30/2018 12:00:00 AM, ,no, ,https://services3.arcgis.com/9nfxWATFamVUTTGb/arcgis/rest/services/service_dd44d29f58714804868f07211f8f6050/FeatureServer/0/49/attachments/46?token=,2cc82173-7736-4eb2-a720-cfd57e4367e6,7/5/2018 12:00:00 AM,madhurap_UPenn,7/5/2018 12:00:00 AM,madhurap_UPenn,ce50161d-1e75-4db3-85c9-83caf5375466,11/7/2018 12:58:58 PM,upennamp_UPenn,11/7/2018 12:58:58 PM,upennamp_UPenn,,-75.193641223,39.9513875700001
21,{1DEC39F6-0D36-41BC-A8DC-81A17BF62473},Graduate education building,Campus 130,West,yes,no,stairs,Between stairs,3/28/2018 12:00:00 AM, ,3/28/2018 12:00:00 AM, ,no, , ,b98210c4-405c-4954-91dd-fbc69a8bfa0a,7/5/2018 12:00:00 AM,madhurap_UPenn,7/5/2018 12:00:00 AM,madhurap_UPenn,6912e0a1-c473-4fb9-81f2-8f8a909dd28b,11/7/2018 12:58:58 PM,upennamp_UPenn,11/7/2018 12:58:58 PM,upennamp_UPenn,,-75.197518507,39.9533029730001
22,{A23615B5-598B-4496-A36B-875D196F3361},Steinberg Conference Center, ,Accessible Entrance,yes,yes,level,Closed after 11PM,3/28/2018 12:00:00 AM, ,5/30/2018 12:00:00 AM, ,no, ,https://services3.arcgis.com/9nfxWATFamVUTTGb/arcgis/rest/services/service_dd44d29f58714804868f07211f8f6050/FeatureServer/0/30/attachments/32?token=,b174742f-8bb4-4642-a192-3666b7a75264,7/5/2018 12:00:00 AM,madhurap_UPenn,7/5/2018 12:00:00 AM,madhurap_UPenn,91198702-d49d-4703-8fff-4d095db1cedf,11/7/2018 12:58:58 PM,upennamp_UPenn,11/7/2018 12:58:58 PM,upennamp_UPenn,,-75.198477163,39.9517129820001
23,{8E23319A-E884-4286-B56C-8B41B06C9721},Hutchinson Gymnasium,Campus 250,Squash courts (to the right of the main entrance),yes,yes,ramp,Only swipe accessible. According to building manager this only leads to squash courts. To get to other parts of the building you have to take stairs.,3/28/2018 12:00:00 AM, ,5/21/2018 12:00:00 AM, ,no, ,https://services3.arcgis.com/9nfxWATFamVUTTGb/arcgis/rest/services/service_dd44d29f58714804868f07211f8f6050/FeatureServer/0/28/attachments/30?token=,d74c5c79-f942-4917-b366-7ccd3e356b91,7/5/2018 12:00:00 AM,madhurap_UPenn,7/5/2018 12:00:00 AM,madhurap_UPenn,569d818b-1538-4a38-bee9-6854d2049ed1,11/7/2018 12:58:58 PM,upennamp_UPenn,12/13/2018 7:25:37 PM,upennamp_UPenn,,-75.1892462518373,39.950856936393
24,{C28B9A59-2793-43AE-96B3-926D4CE51EF7},Van-Pelt Dietrich Library, ,Accessible Entrance,yes,yes,level,Doorbell next to push plate,3/9/2018 12:00:00 AM, ,5/29/2018 12:00:00 AM, ,no, ,https://services3.arcgis.com/9nfxWATFamVUTTGb/arcgis/rest/services/service_dd44d29f58714804868f07211f8f6050/FeatureServer/0/4/attachments/8?token=,c602596a-d698-43d5-a985-1fc3b992e183,7/5/2018 12:00:00 AM,madhurap_UPenn,7/5/2018 12:00:00 AM,madhurap_UPenn,d5dac456-0d6a-4f4e-9c36-758d11d4f6a9,11/7/2018 12:58:58 PM,upennamp_UPenn,11/7/2018 12:58:58 PM,upennamp_UPenn,,-75.193354805,39.95241887
25,{F5B992DB-B686-4090-BF7A-940904CFE34F},graduate Student Center,9855,Main,yes,no,ramp, ,3/28/2018 12:00:00 AM, ,5/21/2018 12:00:00 AM, ,no, ,https://services3.arcgis.com/9nfxWATFamVUTTGb/arcgis/rest/services/service_dd44d29f58714804868f07211f8f6050/FeatureServer/0/24/attachments/26?token=,fc86173d-3e85-4b1b-9ac3-52b5dc85fc36,7/5/2018 12:00:00 AM,madhurap_UPenn,7/5/2018 12:00:00 AM,madhurap_UPenn,6ca0ffe6-2ac1-44e7-acf5-24175b695db5,11/7/2018 12:58:58 PM,upennamp_UPenn,11/7/2018 12:58:58 PM,upennamp_UPenn,,-75.1956729949999,39.952205244
26,{79BC706B-9556-478B-BA04-A4AF6FFF3021},Williams Hall,CAMPUS-620,North entrance,yes,yes,level,"Doors open to entryway way leading to second set of doors which open into Williams Cafe area of Williams Hall, on an intermediate floor between 2F and 3F",3/30/2018 12:00:00 AM, ,5/21/2018 12:00:00 AM, ,no, ,https://services3.arcgis.com/9nfxWATFamVUTTGb/arcgis/rest/services/service_dd44d29f58714804868f07211f8f6050/FeatureServer/0/39/attachments/40?token=,a3e895a0-3e91-4413-8307-22b6bd6d7b4d,7/5/2018 12:00:00 AM,madhurap_UPenn,7/5/2018 12:00:00 AM,madhurap_UPenn,644e629e-5f08-4fc1-9d4e-1f6caca58824,11/7/2018 12:58:58 PM,upennamp_UPenn,11/7/2018 12:58:58 PM,upennamp_UPenn,,-75.19464881,39.9510417050001
27,{C8C4880E-1492-447E-871B-AB7F6D12AD05},Fisher - Bennett Hall,25,Main Entrance,yes,yes,both,Ramp leading up to the main entrance door is very narrow and curves (does not go straight up). May lead to issues if using a chair to go up the ramp. Button for automatic door is to the right of the main entrance door (right where the ramp ends),3/15/2018 12:00:00 AM, ,5/21/2018 12:00:00 AM, , , ,https://services3.arcgis.com/9nfxWATFamVUTTGb/arcgis/rest/services/service_dd44d29f58714804868f07211f8f6050/FeatureServer/0/6/attachments/6?token=,18e8fbbc-e3f6-4ceb-9a8f-e38bda791ba6,7/5/2018 12:00:00 AM,madhurap_UPenn,7/5/2018 12:00:00 AM,madhurap_UPenn,eee3ffa5-8404-48e4-9467-265e05429e09,11/7/2018 12:58:58 PM,upennamp_UPenn,11/7/2018 12:58:58 PM,upennamp_UPenn,,-75.1919095069999,39.952559122
28,{8C7F69A3-6D4D-4F26-B46E-ACBBCD1D7E15},College Hall, ,Eastern side,yes,yes,both, ,5/2/2018 12:00:00 AM, ,5/29/2018 12:00:00 AM, ,no, ,https://services3.arcgis.com/9nfxWATFamVUTTGb/arcgis/rest/services/service_dd44d29f58714804868f07211f8f6050/FeatureServer/0/51/attachments/47?token=,7f32a4ee-00c8-48e1-82da-f6eddd7eba83,7/5/2018 12:00:00 AM,madhurap_UPenn,7/5/2018 12:00:00 AM,madhurap_UPenn,bc8c80b0-c8a1-4a8d-909c-cf9faac0cf84,11/7/2018 12:58:58 PM,upennamp_UPenn,11/7/2018 12:58:58 PM,upennamp_UPenn,,-75.1932866829999,39.9513888710001
29,{10B46205-D72D-41CD-BA3F-B1969297FB0B},Education building,Campus 130,Main,yes,yes,level, ,3/28/2018 12:00:00 AM, ,5/21/2018 12:00:00 AM, ,no, ,https://services3.arcgis.com/9nfxWATFamVUTTGb/arcgis/rest/services/service_dd44d29f58714804868f07211f8f6050/FeatureServer/0/14/attachments/17?token=,9a72e8f1-2878-46bc-8584-b870c29fc66a,7/5/2018 12:00:00 AM,madhurap_UPenn,7/5/2018 12:00:00 AM,madhurap_UPenn,08e3345d-f9d2-46f8-a9cd-00452ff43dc5,11/7/2018 12:58:58 PM,upennamp_UPenn,11/7/2018 12:58:58 PM,upennamp_UPenn,,-75.1970040099999,39.9532925180001
30,{4B28DF9A-C717-4F20-A10F-B972EEFDFE0A},Claudia Cohen Hall, ,Accessible Entrance,yes,yes,level,Intercom next to push plate,3/9/2018 12:00:00 AM, ,5/21/2018 12:00:00 AM, , , ,https://services3.arcgis.com/9nfxWATFamVUTTGb/arcgis/rest/services/service_dd44d29f58714804868f07211f8f6050/FeatureServer/0/2/attachments/2?token=,b8f02702-327e-4ba2-a227-d2d8003bea74,7/5/2018 12:00:00 AM,madhurap_UPenn,7/5/2018 12:00:00 AM,madhurap_UPenn,f307ede8-a564-4a47-9d82-697af313bb6e,11/7/2018 12:58:58 PM,upennamp_UPenn,11/7/2018 12:58:58 PM,upennamp_UPenn,,-75.1945688449999,39.9513436990001
31,{C600A088-2491-407A-9312-B99A4762BD65},Education building,Campus 130,Side (exit only),yes,no,level, ,3/28/2018 12:00:00 AM, ,5/29/2018 12:00:00 AM, ,no, ,https://services3.arcgis.com/9nfxWATFamVUTTGb/arcgis/rest/services/service_dd44d29f58714804868f07211f8f6050/FeatureServer/0/16/attachments/20?token=,3801e4dd-9860-4f84-ac59-efbc9572ee8d,7/5/2018 12:00:00 AM,madhurap_UPenn,7/5/2018 12:00:00 AM,madhurap_UPenn,cb0f1ca1-f9bd-4a82-92e1-9de72dbdd5a3,11/7/2018 12:58:58 PM,upennamp_UPenn,11/7/2018 12:58:58 PM,upennamp_UPenn,,-75.1969434659999,39.9531895220001
32,{4FECF70B-F02F-4126-B5FB-BA0DFC488A64},Fisher Fine Arts Library,Campus 170,Main entrance,yes,no,stairs,4 steps down and 10 up,3/28/2018 12:00:00 AM, ,5/29/2018 12:00:00 AM, ,no,None,https://services3.arcgis.com/9nfxWATFamVUTTGb/arcgis/rest/services/service_dd44d29f58714804868f07211f8f6050/FeatureServer/0/8/attachments/10?token=,f955ca1f-e7b2-46e6-9bb9-b5523a05b283,7/5/2018 12:00:00 AM,madhurap_UPenn,7/5/2018 12:00:00 AM,madhurap_UPenn,9c514661-7644-4fd8-9efb-c5afea8a6db9,11/7/2018 12:58:58 PM,upennamp_UPenn,11/7/2018 12:58:58 PM,upennamp_UPenn,,-75.193009253,39.951629408
33,{0B4305FC-39D5-40A4-B022-BADFAC5977A9},Williams Hall,Campus-620,Main Entrance,yes,yes,level,"If you enter in this door, you’d need to take the middle elevator one floor to get to the main elevator pool. There are stairs coming from locust walk, but there’s also a flat area and flat areas from the Perelman quad direction",3/28/2018 12:00:00 AM, ,5/21/2018 12:00:00 AM, ,no, ,https://services3.arcgis.com/9nfxWATFamVUTTGb/arcgis/rest/services/service_dd44d29f58714804868f07211f8f6050/FeatureServer/0/34/attachments/36?token=,b3f0f605-ceca-4b56-86be-9ab51ed3fe4c,7/5/2018 12:00:00 AM,madhurap_UPenn,7/5/2018 12:00:00 AM,madhurap_UPenn,d3734475-6237-4bb7-bffe-3e8fe55b1840,11/7/2018 12:58:58 PM,upennamp_UPenn,11/7/2018 12:58:58 PM,upennamp_UPenn,,-75.194877629,39.9510423240001
34,{96E85501-8C42-412A-85AF-BF9CAF09EEB0},Lerner Center south side entrance (accessible),Campus 365,South side and swipe accessible entrance,yes,yes,level,Only accessible to graduate students and faculty + privledged swipe access (for students with registered disabilities),3/28/2018 12:00:00 AM, ,5/21/2018 12:00:00 AM, ,no, ,https://services3.arcgis.com/9nfxWATFamVUTTGb/arcgis/rest/services/service_dd44d29f58714804868f07211f8f6050/FeatureServer/0/20/attachments/23?token=,07082910-d71b-492c-acb1-e8571e69768a,7/5/2018 12:00:00 AM,madhurap_UPenn,7/5/2018 12:00:00 AM,madhurap_UPenn,60249fd3-e9e1-49e7-93d9-c0ec2abf36d0,11/7/2018 12:58:58 PM,upennamp_UPenn,11/7/2018 12:58:58 PM,upennamp_UPenn,,-75.192041,39.9519376000001
35,{081B680E-1586-4FAB-9FC6-C5AD897F223B},Annenberg School of Communication,15,Walnut St Entrance,yes,no,level,Security present inside entrance during open hours,4/10/2018 12:00:00 AM, ,5/21/2018 12:00:00 AM, ,no, ,https://services3.arcgis.com/9nfxWATFamVUTTGb/arcgis/rest/services/service_dd44d29f58714804868f07211f8f6050/FeatureServer/0/40/attachments/41?token=,3261b916-bfab-4fe0-ae3a-1940fa71ecfe,7/5/2018 12:00:00 AM,madhurap_UPenn,7/5/2018 12:00:00 AM,madhurap_UPenn,d797d19d-e58d-4335-ab83-cac44bb47c7b,11/7/2018 12:58:58 PM,upennamp_UPenn,11/7/2018 12:58:58 PM,upennamp_UPenn,,-75.195576676,39.9529442780001
36,{E02AA4C5-8B82-4ECE-B3F4-D0F6E14D10A7},Gittis Hall,285,Interior main entrance,yes,no,level, ,4/20/2018 12:00:00 AM, ,4/20/2018 12:00:00 AM, ,no, , ,cc218bce-17ab-46b9-a3ac-43a9e3d5c3a9,7/5/2018 12:00:00 AM,madhurap_UPenn,7/5/2018 12:00:00 AM,madhurap_UPenn,1d33caae-37c2-47e4-82c2-1ca9da09323d,11/7/2018 12:58:58 PM,upennamp_UPenn,11/7/2018 12:58:58 PM,upennamp_UPenn,,-75.192404191,39.9541012560001
37,{23F0099B-CCCD-459A-9F1C-D1765CD1E541},Schattner,173,Front doors on the 40th and locust entrance,yes,yes,level,Handicap accessible with a button about 2.5 feet off the ground on the left of the doors. This button opens the left most door to the vestibule area. There is a second button to activate the door to enter the building again on the left opening the left d,4/20/2018 12:00:00 AM, ,5/30/2018 12:00:00 AM, ,no, ,https://services3.arcgis.com/9nfxWATFamVUTTGb/arcgis/rest/services/service_dd44d29f58714804868f07211f8f6050/FeatureServer/0/47/attachments/45?token=,0a42fa89-d39b-46b0-b161-d11c35a5a1e1,7/5/2018 12:00:00 AM,madhurap_UPenn,7/5/2018 12:00:00 AM,madhurap_UPenn,38d1688f-29cf-428b-92ec-c669c5953d4a,11/7/2018 12:58:58 PM,upennamp_UPenn,11/7/2018 12:58:58 PM,upennamp_UPenn,,-75.20308698,39.952594993
38,{4EC80295-AA2E-48A6-9628-D6B4CBAF2823},Hutchinson Gymnasium,Campus 250,Main and accessible,yes,no,level,According to building manager this is the most accessible enterence (the others lead to stair obstructions),3/28/2018 12:00:00 AM, ,5/21/2018 12:00:00 AM, ,no, ,https://services3.arcgis.com/9nfxWATFamVUTTGb/arcgis/rest/services/service_dd44d29f58714804868f07211f8f6050/FeatureServer/0/27/attachments/29?token=,41ec0022-0483-4d29-a1c6-247f24a3f5d4,7/5/2018 12:00:00 AM,madhurap_UPenn,7/5/2018 12:00:00 AM,madhurap_UPenn,669d8219-c379-4c15-ac23-3aa69fdd3af4,11/7/2018 12:58:58 PM,upennamp_UPenn,12/13/2018 7:25:59 PM,upennamp_UPenn,,-75.1891688521149,39.9510522439422
39,{0D0D7F11-923C-4A31-BCA9-D91B8F83B122},Silverman,305,Sansom entrance,yes,no,stairs,A set of descending stairs in front of the door,4/20/2018 12:00:00 AM, ,5/29/2018 12:00:00 AM, ,no, ,https://services3.arcgis.com/9nfxWATFamVUTTGb/arcgis/rest/services/service_dd44d29f58714804868f07211f8f6050/FeatureServer/0/42/attachments/42?token=,133d5e87-c140-4b13-b06a-e61c312c7294,7/5/2018 12:00:00 AM,madhurap_UPenn,7/5/2018 12:00:00 AM,madhurap_UPenn,456b838b-c303-4bc3-b40b-02dad4afb210,11/7/2018 12:58:58 PM,upennamp_UPenn,11/7/2018 12:58:58 PM,upennamp_UPenn,,-75.1923793029999,39.953733722
40,{B5573448-5508-4A7E-9973-DABA4F4B6BB3},Vance Hall, ,Vance hall main entrance,yes,yes,both,"Open 7am to 7pm weekdays and not on weekends. To get to it from the spruce street walkway, you must go on a ramp that leads in a semi circle up to the entrance.",3/28/2018 12:00:00 AM, ,5/21/2018 12:00:00 AM, ,no, ,https://services3.arcgis.com/9nfxWATFamVUTTGb/arcgis/rest/services/service_dd44d29f58714804868f07211f8f6050/FeatureServer/0/37/attachments/38?token=,46aad784-42a2-4f73-9add-be4de8d536f1,7/5/2018 12:00:00 AM,madhurap_UPenn,7/5/2018 12:00:00 AM,madhurap_UPenn,2f9869c9-a53d-444a-99ac-a8d4459ffabf,11/7/2018 12:58:58 PM,upennamp_UPenn,11/7/2018 12:58:58 PM,upennamp_UPenn,,-75.19741069,39.951384252
41,{CB6AB056-FF91-429A-948A-DDDD9725E9C1},College Hall, ,Side entrance opposite to Houston Hall,yes,no,both,Ramp leads to door but once inside there is no way to proceed further,5/2/2018 12:00:00 AM, ,5/2/2018 12:00:00 AM, ,no, , ,94f15efe-0a2d-48c0-8c5a-dc3b24240981,7/5/2018 12:00:00 AM,madhurap_UPenn,7/5/2018 12:00:00 AM,madhurap_UPenn,5a38d1ae-4634-4f75-ab6d-e421dc2c916d,11/7/2018 12:58:58 PM,upennamp_UPenn,11/7/2018 12:58:58 PM,upennamp_UPenn,,-75.1938567999999,39.9510944
42,{037F849B-BF17-4B04-BC65-E38B7468CA54},Annenberg Center for the Performing arts,10,Plaza entrance(off of locusts walk),yes,yes,both,"The entrance can be access from locusts walk, which has brick paths. The entrance itself is  flat stone tiles. Has one automatic door, and 4 non automatic. Doors open into a small carpeted area with another set of similar doors.",3/28/2018 12:00:00 AM, ,5/29/2018 12:00:00 AM, ,no, ,https://services3.arcgis.com/9nfxWATFamVUTTGb/arcgis/rest/services/service_dd44d29f58714804868f07211f8f6050/FeatureServer/0/31/attachments/33?token=,cf11edec-adf7-4a03-b15c-39f728a49e6d,7/5/2018 12:00:00 AM,madhurap_UPenn,7/5/2018 12:00:00 AM,madhurap_UPenn,85498d88-105f-4268-a024-671982efdf70,11/7/2018 12:58:58 PM,upennamp_UPenn,11/7/2018 12:58:58 PM,upennamp_UPenn,,-75.196190526,39.9528419160001
43,{572C5BE6-EFD7-4BA2-9796-E4DAC62CDD6B},John M Huntsman Hall, ,Walnut Street Entrance,yes,yes,both,Only open before 7pm on weekdays. Not open on weekends.,3/28/2018 12:00:00 AM, ,5/29/2018 12:00:00 AM, ,no, ,https://services3.arcgis.com/9nfxWATFamVUTTGb/arcgis/rest/services/service_dd44d29f58714804868f07211f8f6050/FeatureServer/0/22/attachments/24?token=,7e6d531d-a6a0-4cd1-bc2e-b8a0e1e6b2b4,7/5/2018 12:00:00 AM,madhurap_UPenn,7/5/2018 12:00:00 AM,madhurap_UPenn,39e344dd-571b-41d3-a154-e9d4e360f649,11/7/2018 12:58:58 PM,upennamp_UPenn,11/7/2018 12:58:58 PM,upennamp_UPenn,,-75.197848458,39.953216771
44,{09D85848-4566-4683-9C82-EF67519278F4},Stiteler Hall,Campus 550,Main,yes,no,stairs,Not wheel chair accessible,3/28/2018 12:00:00 AM, ,5/29/2018 12:00:00 AM, ,no, ,https://services3.arcgis.com/9nfxWATFamVUTTGb/arcgis/rest/services/service_dd44d29f58714804868f07211f8f6050/FeatureServer/0/10/attachments/12?token=,12dcc6fb-b93b-489e-8755-329c7c586f61,7/5/2018 12:00:00 AM,madhurap_UPenn,7/5/2018 12:00:00 AM,madhurap_UPenn,dea2f58d-51b5-40bb-8ccf-cfe1a540bc22,11/7/2018 12:58:58 PM,upennamp_UPenn,11/7/2018 12:58:58 PM,upennamp_UPenn,,-75.196962118,39.952783276
45,{F323D645-92DE-4BE8-8118-F78ECDEE4194},College Hall, ,West Entrance (facing Claudia Cohen hall),yes,no,level,No push button outside but there’s a push button inside. Opens into more doors without push buttons but ground is level.,5/2/2018 12:00:00 AM, ,5/29/2018 12:00:00 AM, ,no, ,https://services3.arcgis.com/9nfxWATFamVUTTGb/arcgis/rest/services/service_dd44d29f58714804868f07211f8f6050/FeatureServer/0/53/attachments/49?token=,cb68d7f9-80a2-4585-919d-d3e1d6ed5cdc,7/5/2018 12:00:00 AM,madhurap_UPenn,7/5/2018 12:00:00 AM,madhurap_UPenn,64696a09-c62a-4be3-8234-9e7d3da434f3,11/7/2018 12:58:58 PM,upennamp_UPenn,11/7/2018 12:58:58 PM,upennamp_UPenn,,-75.194236626,39.9514787310001
46,{B8C86C9A-90C1-425A-89CA-FA6AC073F583},Fisher Bennett Hall,Campus - 25,Main,yes,yes,ramp, ,3/28/2018 12:00:00 AM, ,3/28/2018 12:00:00 AM, ,no, , ,f131f893-3524-41d4-a584-4e8506ef1132,7/5/2018 12:00:00 AM,madhurap_UPenn,7/5/2018 12:00:00 AM,madhurap_UPenn,72bd2a09-d13c-46d1-b4e0-d26af5b17f72,11/7/2018 12:58:58 PM,upennamp_UPenn,11/7/2018 12:58:58 PM,upennamp_UPenn,,-75.1920514179999,39.952871497
47,{0348C121-1F9B-442B-9D5C-FB4779DD5AE0},Vance Hall,CAMPUS-590,Side entrance,yes,yes,ramp,Ramp just inside door to the left,3/28/2018 12:00:00 AM, ,5/21/2018 12:00:00 AM, ,no, ,https://services3.arcgis.com/9nfxWATFamVUTTGb/arcgis/rest/services/service_dd44d29f58714804868f07211f8f6050/FeatureServer/0/32/attachments/35?token=,e77ba668-e7b4-4019-aa30-86e94b6f6ab1,7/5/2018 12:00:00 AM,madhurap_UPenn,7/5/2018 12:00:00 AM,madhurap_UPenn,4b6ef182-643b-4d0d-8af7-8615ead0b95d,11/7/2018 12:58:58 PM,upennamp_UPenn,11/7/2018 12:58:58 PM,upennamp_UPenn,,-75.198164515,39.9515539280001
48,{8C3D9272-655D-4B64-BDA2-FBF5B2262E79},College Hall, ,Undergraduate Entrance,yes,yes,both, ,5/2/2018 12:00:00 AM, ,5/29/2018 12:00:00 AM, ,yes,Rubber treshold, ,706d8858-335b-486e-a0a9-2eccfa3fd418,7/5/2018 12:00:00 AM,madhurap_UPenn,7/5/2018 12:00:00 AM,madhurap_UPenn,6d2107a5-f93e-4a78-a568-24e4da3f3c0f,11/7/2018 12:58:58 PM,upennamp_UPenn,11/7/2018 12:58:58 PM,upennamp_UPenn,,-75.193878857,39.9513037450001
49,{D090DDCB-C57D-4E24-B140-FC2A551ABE51},Williams Hall,Campus-620,Spruce Street Entrance,yes,yes,ramp,"If you enter here, you can go directly to the main elevator bank.",3/28/2018 12:00:00 AM, ,5/21/2018 12:00:00 AM, ,no, ,https://services3.arcgis.com/9nfxWATFamVUTTGb/arcgis/rest/services/service_dd44d29f58714804868f07211f8f6050/FeatureServer/0/38/attachments/39?token=,7a04a64e-6a09-4121-af87-03a7f577fc2c,7/5/2018 12:00:00 AM,madhurap_UPenn,7/5/2018 12:00:00 AM,madhurap_UPenn,7421c0af-0005-4cd6-ba66-5000cebef2fa,11/7/2018 12:58:58 PM,upennamp_UPenn,11/7/2018 12:58:58 PM,upennamp_UPenn,,-75.195159261,39.950914841
50,,Penn Bookstore ,532,36th and Walnut on the Walnut side,yes,yes,level,,,,,,no,,,,,,,,edac25fd-a236-4e59-8381-12764f8ce69c,11/16/2018 6:15:53 PM,,12/13/2018 10:26:19 PM,upennamp_UPenn,A203BDBA-C03E-4FB8-B118-A93978773AFC-13_1_22.jpeg,-75.19495,39.95323
51,,McNeil Ctr for Early American Studies,230,South Entrance,yes,yes,level,"There is a button at the South Entrance allowing for wheelchair accessibility, but in order to gain access, visitors must got to east entrance and request entry using an intercom/video system. ",,,,,no,,,,,,,,75bde433-d37a-4d8c-85dd-f5734dd59124,11/16/2018 6:55:40 PM,,11/16/2018 6:55:40 PM,,,-75.19164,39.95333
52,,Fisher-Bennett Hall,25,Main Walnut-Street Entrance,yes,yes,both,There is a crack mid-way up the ramp. The main left-hand door opens via the button but the outer door is only 31".,,,,,no,No Braille.,,,,,,,6e06c64b-c48e-493d-857b-27edc0505c43,11/16/2018 7:08:25 PM,,12/13/2018 10:26:24 PM,upennamp_UPenn,FBH AMP Entrance-14_8_22.jpg,-75.19191,39.95254
